sample_number,sample_name
Sample_0847,R-7-rep_S847
Sample_0848,R-105-rep_S848
Sample_0849,R-47_S849
Sample_0850,R-33_S850
Sample_0851,R-1-rep_S851
Sample_0852,R-92_S852
Sample_0853,R-48_S853
Sample_0854,R-10_S854
Sample_0855,R-68_S855
Sample_0856,R-24_S856
Sample_0857,R-4-rep_S857
Sample_0858,R-43_S858
Sample_0859,R-118_S859
Sample_0860,R-82_S860
Sample_0861,R-140_S861
Sample_0862,R-127b_S862
Sample_0863,R-133_S863
Sample_0864,R-137b_S864
Sample_0865,R-143_S865
Sample_0866,R-39_S866
Sample_0867,R-15_S867
Sample_0868,R-49_S868
Sample_0869,R-29_S869
Sample_0870,R-126b_S870
Sample_0871,R-102_S871
Sample_0872,R-58_S872
Sample_0873,R-36_S873
Sample_0874,R-88_S874
Sample_0875,R-74_S875
Sample_0876,R-87_S876
Sample_0877,R-98_S877
Sample_0878,R-113_S878
Sample_0879,R-54_S879
Sample_0880,R-34_S880
Sample_0881,R-16_S881
Sample_0882,R-130_S882
Sample_0883,R-42_S883
Sample_0884,R-55_S884
Sample_0885,R-115_S885
Sample_0886,R-80-rep_S886
Sample_0887,R-64_S887
Sample_0888,R109_S888
Sample_0889,R-62_S889
Sample_0890,R-27-rep_S890
Sample_0891,R-107_S891
Sample_0892,R-72_S892
Sample_0893,R-123_S893
Sample_0894,R-77_S894
Sample_0895,R-95_S895
Sample_0896,S-48_S896
Sample_0897,S-18_S897
Sample_0898,S-40_S898
Sample_0899,S-116_S899
Sample_0900,S-27_S900
Sample_0901,S-28_S901
Sample_0902,S-2_S902
Sample_0903,S-86-rep_S903
Sample_0904,S-14_S904
Sample_0905,S-99_S905
Sample_0906,S-5-rep_S906
Sample_0907,S-11-rep_S907
Sample_0908,S-9-rep_S908
Sample_0909,S-44_S909
Sample_0910,S-36_S910
Sample_0911,S-52_S911
Sample_0912,S-55_S912
Sample_0913,S-96_S913
Sample_0914,S-37_S914
Sample_0915,S-31-rep_S915
Sample_0916,S-67_S916
Sample_0917,S-58_S917
Sample_0918,S-124-rep_S918
Sample_0919,S-130-rep_S919
Sample_0920,S-20-rep_S920
Sample_0921,S-53_S921
Sample_0922,S-138_S922
Sample_0923,S-140_S923
Sample_0924,S-62-rep_S924
Sample_0925,S-71-rep_S925
Sample_0926,S-92-rep_S926
Sample_0927,S-79_S927
Sample_0928,S-82-rep_S928
Sample_0929,S-73-rep_S929
Sample_0930,S-65-rep_S930
Sample_0931,S-134-rep_S931
Sample_0932,S-100_S932
Sample_0933,S-89-rep_S933
Sample_0934,S-22_S934
Sample_0935,S-120-rep_S935
Sample_0936,S-110_S936
Sample_0937,S-114_S937
Sample_0938,S-112_S938
Sample_0939,S-108_S939
Sample_0940,S-121-rep_S940
Sample_0951,12B-2021-pool3_S951
Sample_0997,10-R-2021-pool1_S997
Sample_1019,10-S-2021-pool2_S1019
Sample_1030,12A-2021-pool3_S1030
